meanfreq,sd,median,kurt,sfm,mode,centroid,peakf,meanfun,minfun,maxfun,meandom,mindom,maxdom,dfrange,modindx
2921.0780914656943,1517.9777536471374,"[4215.23083047 3769.59193495 3796.95310258 3684.48754001 3234.98175765
 3595.23025254 3824.05895328 4049.75124288 4062.12194784 3987.06216861
 4160.83115641 4244.73710002 4536.36054534 4590.53206984 4320.84114097
 4270.87049395 4157.52396239 4253.03193439 4248.2572446  4466.61741536
 5684.00730731 5380.45350855 4508.03560223 4550.714153   4263.33300549
 1030.82282071  652.70890966  534.03506377  717.85836516 1289.81843567
 1324.58345544 1459.74853417 1651.1221356  1456.71038842 1141.98135286
 1089.33858081 1242.3558468  1587.13240928 1747.57773821 1722.23658108
 2264.64583966 3965.89316846 3311.62327908 2254.03573464 2410.00703477
 2016.29423147 1399.56672123 1588.70660755 1903.38091995 2154.79874179
 2046.65109738 1344.18593854 1387.10254923 1855.23273509 2216.04671976
 2464.71390166 2408.8604212  3386.9170253  5051.51761551 5557.61562009
 5565.6954124  5263.33031553 3145.30077126 2270.68064768 1854.0624897
 1490.25619034 1053.46734966 1003.54378266 1070.64030333 1316.57319168
 2065.80063328 2845.21149841 1946.69419767 1733.32508985 1629.86528988
 1680.24872984 3333.22874054 4714.38976354 5182.40563711 5769.84116734
 6261.97148158 5535.53724812 2949.46675023 1632.7935068  1285.0438731
  978.32688669  897.65586128  776.28789226  666.37011238 1732.52476857
 4148.06360581 4102.50171693 3628.76479768 3125.62811913 2496.99522351
 2296.07184194 3696.73807092 5223.71068933 5892.82453346 6010.38107262
 5901.45545714 5856.14579752 4653.183303   2732.51596195 2084.22054726
 2034.34305499 2491.20622324 3618.1628318  4216.69594664 3475.9741506
 1767.52550131 1351.54449495 1105.04302018  971.83627314  842.51709029
  718.87397966  661.13589288  751.02292774 3094.58205753 2954.7860313
 2144.91558821 1962.57277464 1693.91248635 1332.30641183 1323.54552768
 1335.28818218 1225.55331706 1030.61279693 1091.01252871 1508.10806073
 1559.45986912 1423.92977276 1200.34623125 1907.20239016 2593.28289073
 1381.5727339  1153.4307094  1158.98183462 1172.19757601 1175.85516884
 1181.48696634 1561.45856415 2150.94404455 2300.47444412 2525.6037607
 3659.7522945  3350.57105071 2251.69724839 1923.96722133 1992.1520114
 2965.30745167 3661.56334708 3785.09085004 3778.03189436 4327.39096701
 4512.01038321 4451.29574414 4349.46710152 4329.03339319 4943.86876904
 6332.697899   6127.97857798 4891.93396941 3891.12598271 3535.64998033
 4092.62065794 4115.09215746 3553.46464646 3264.77969197 3684.7440214
 4213.59823108 4444.3017995  4699.08848426 4767.12985433 4877.70304329
 4340.06451054 4037.49129483 3833.92438794 4065.09858249 3815.33135953
 3191.09147682 2993.38521888 3367.30786372]",10.588622,"[1.38984278e-01 1.15372665e-01 1.13160193e-01 8.56227800e-02
 4.90052700e-02 6.13453761e-02 9.15434659e-02 7.40032420e-02
 7.03201145e-02 8.21752846e-02 9.34325978e-02 1.08883440e-01
 1.30495265e-01 1.24091901e-01 1.31649092e-01 1.31615534e-01
 1.26704976e-01 1.29885629e-01 1.40141860e-01 1.61417663e-01
 1.46761879e-01 1.64924800e-01 1.63640440e-01 2.01161906e-01
 2.03073442e-01 7.64951750e-04 1.27463005e-04 6.51199443e-05
 1.05914594e-04 3.25632078e-04 3.18632927e-04 3.13858851e-04
 2.89505930e-04 2.10395752e-04 1.59681425e-04 1.55760543e-04
 4.17284085e-04 1.85564335e-03 3.32878204e-03 3.16606089e-03
 3.96861974e-03 6.61901385e-03 5.10759000e-03 2.68773013e-03
 2.61664717e-03 2.56809522e-03 8.70516582e-04 5.78482053e-04
 5.81976376e-04 5.32762962e-04 8.72845761e-04 5.82714565e-04
 1.57347007e-03 2.27385294e-03 2.76126852e-03 4.02741134e-03
 8.24440457e-03 2.36298665e-02 4.27332595e-02 6.47534207e-02
 6.18206486e-02 6.05945475e-02 7.95910601e-03 1.76443835e-03
 1.04339665e-03 6.81353675e-04 2.33120649e-04 2.39892237e-04
 2.97247025e-04 5.71940385e-04 5.35821589e-03 2.50293538e-02
 4.44166688e-03 1.68044586e-03 8.99586477e-04 1.40170730e-03
 1.01227062e-02 2.18551178e-02 1.11656887e-02 9.52037051e-03
 1.31472200e-02 1.70994140e-02 3.43957101e-03 2.38210778e-04
 1.04202911e-04 6.94645641e-05 1.20341749e-04 1.23431775e-04
 7.39077150e-05 1.02471781e-03 1.93203874e-02 2.38058623e-02
 1.74854137e-02 6.89116120e-03 5.87748270e-03 4.86542052e-03
 3.55141126e-02 1.00331649e-01 7.92900100e-02 4.95618321e-02
 3.42814475e-02 3.71685363e-02 4.59997654e-02 5.70475496e-03
 1.52753771e-03 2.34800903e-03 5.81779890e-03 2.07942165e-02
 5.05927652e-02 4.58009876e-02 3.55924200e-03 4.99728310e-04
 1.41938377e-04 7.99158734e-05 4.12859590e-05 2.99633994e-05
 2.95726422e-05 9.91300913e-05 3.96926794e-03 1.05474005e-02
 4.48116707e-03 1.59592612e-03 8.66918766e-04 4.90987732e-04
 4.07365733e-04 3.52579809e-04 2.54667422e-04 1.79533759e-04
 2.82415625e-04 5.11131831e-04 6.03492663e-04 5.47346717e-04
 6.23422035e-04 2.13537901e-03 5.40567096e-03 5.13730338e-04
 2.91745033e-04 3.55899072e-04 6.12820673e-04 7.75141059e-04
 1.40310405e-03 3.00838752e-03 6.16872031e-03 7.80800171e-03
 1.16910832e-02 4.44584005e-02 3.08896471e-02 1.09303351e-02
 6.54120883e-03 8.90420377e-03 1.85300317e-02 3.17230187e-02
 4.23698723e-02 2.95419469e-02 5.79392463e-02 7.20618963e-02
 6.32937476e-02 4.31249365e-02 4.66034003e-02 9.45085883e-02
 9.12931412e-02 8.85491669e-02 1.33065760e-01 6.61314428e-02
 5.02605028e-02 8.30491632e-02 6.17912188e-02 1.64782461e-02
 8.99877120e-03 2.08321586e-02 9.39705223e-02 7.83016533e-02
 1.04624942e-01 1.44512549e-01 1.57152250e-01 6.60717711e-02
 2.16050204e-02 1.89551450e-02 2.93425526e-02 2.69106273e-02
 1.72418840e-02 1.40086198e-02 1.73868258e-02]",-0.15661095,"[4215.23083047 3769.59193495 3796.95310258 3684.48754001 3234.98175765
 3595.23025254 3824.05895328 4049.75124288 4062.12194784 3987.06216861
 4160.83115641 4244.73710002 4536.36054534 4590.53206984 4320.84114097
 4270.87049395 4157.52396239 4253.03193439 4248.2572446  4466.61741536
 5684.00730731 5380.45350855 4508.03560223 4550.714153   4263.33300549
 1030.82282071  652.70890966  534.03506377  717.85836516 1289.81843567
 1324.58345544 1459.74853417 1651.1221356  1456.71038842 1141.98135286
 1089.33858081 1242.3558468  1587.13240928 1747.57773821 1722.23658108
 2264.64583966 3965.89316846 3311.62327908 2254.03573464 2410.00703477
 2016.29423147 1399.56672123 1588.70660755 1903.38091995 2154.79874179
 2046.65109738 1344.18593854 1387.10254923 1855.23273509 2216.04671976
 2464.71390166 2408.8604212  3386.9170253  5051.51761551 5557.61562009
 5565.6954124  5263.33031553 3145.30077126 2270.68064768 1854.0624897
 1490.25619034 1053.46734966 1003.54378266 1070.64030333 1316.57319168
 2065.80063328 2845.21149841 1946.69419767 1733.32508985 1629.86528988
 1680.24872984 3333.22874054 4714.38976354 5182.40563711 5769.84116734
 6261.97148158 5535.53724812 2949.46675023 1632.7935068  1285.0438731
  978.32688669  897.65586128  776.28789226  666.37011238 1732.52476857
 4148.06360581 4102.50171693 3628.76479768 3125.62811913 2496.99522351
 2296.07184194 3696.73807092 5223.71068933 5892.82453346 6010.38107262
 5901.45545714 5856.14579752 4653.183303   2732.51596195 2084.22054726
 2034.34305499 2491.20622324 3618.1628318  4216.69594664 3475.9741506
 1767.52550131 1351.54449495 1105.04302018  971.83627314  842.51709029
  718.87397966  661.13589288  751.02292774 3094.58205753 2954.7860313
 2144.91558821 1962.57277464 1693.91248635 1332.30641183 1323.54552768
 1335.28818218 1225.55331706 1030.61279693 1091.01252871 1508.10806073
 1559.45986912 1423.92977276 1200.34623125 1907.20239016 2593.28289073
 1381.5727339  1153.4307094  1158.98183462 1172.19757601 1175.85516884
 1181.48696634 1561.45856415 2150.94404455 2300.47444412 2525.6037607
 3659.7522945  3350.57105071 2251.69724839 1923.96722133 1992.1520114
 2965.30745167 3661.56334708 3785.09085004 3778.03189436 4327.39096701
 4512.01038321 4451.29574414 4349.46710152 4329.03339319 4943.86876904
 6332.697899   6127.97857798 4891.93396941 3891.12598271 3535.64998033
 4092.62065794 4115.09215746 3553.46464646 3264.77969197 3684.7440214
 4213.59823108 4444.3017995  4699.08848426 4767.12985433 4877.70304329
 4340.06451054 4037.49129483 3833.92438794 4065.09858249 3815.33135953
 3191.09147682 2993.38521888 3367.30786372]","[ 9603.80859375  9097.77832031  9065.47851562  8979.34570312
  8677.88085938  9000.87890625  9151.61132812  9280.81054688
  9302.34375     9194.67773438  9453.07617188  9453.07617188
  9636.10839844  9636.10839844  9453.07617188  9410.00976562
  9366.94335938  9431.54296875  9377.70996094  9636.10839844
  9959.10644531  9905.2734375   9388.4765625   9388.4765625
  9194.67773438   936.69433594   409.13085938   387.59765625
   430.6640625    915.16113281  2067.1875      2433.25195312
  3186.9140625   2519.38476562  2271.75292969  1808.7890625
  1765.72265625  2573.21777344  3746.77734375  3692.94433594
  7730.41992188  9959.10644531  9840.67382812  5146.43554688
  5038.76953125  3477.61230469  2422.48535156  2433.25195312
  3671.41113281  6739.89257812  6729.12597656  1496.55761719
  2551.68457031  3897.50976562  4855.73730469  6879.85839844
  6729.12597656  9151.61132812 10066.77246094 10088.30566406
 10045.23925781 10023.70605469  9679.17480469  4748.07128906
  4338.94042969  3165.38085938  1238.15917969  1205.859375
  1216.62597656  1367.35839844  4565.0390625   8376.41601562
  4285.10742188  3951.34277344  3359.1796875   3897.50976562
  9474.609375    9883.74023438 10088.30566406 10174.43847656
 10185.20507812 10088.30566406  9420.77636719  3822.14355469
  1431.95800781   947.4609375    893.62792969   581.39648438
   409.13085938  4295.87402344  9840.67382812  9819.140625
  9765.30761719  9399.24316406  7052.12402344  6772.19238281
  7332.05566406  9205.44433594  9916.04003906 10023.70605469
  9894.50683594  9689.94140625  8354.8828125   6599.92675781
  4468.13964844  4554.27246094  5803.19824219  8031.88476562
  8214.91699219  7730.41992188  4263.57421875  2282.51953125
  1162.79296875  1076.66015625   979.76074219   699.82910156
   527.56347656   549.09667969  9679.17480469  9011.64550781
  6072.36328125  4478.90625     3316.11328125  1087.42675781
  1679.58984375  1884.15527344  2088.72070312  1431.95800781
  1884.15527344  2347.11914062  2487.08496094  2497.8515625
  2304.05273438  4952.63671875  8408.71582031  2411.71875
  2304.05273438  2293.28613281  2164.08691406  1668.82324219
  1259.69238281  2734.71679688  4392.7734375   4565.0390625
  6427.66113281  9280.81054688  9140.84472656  4791.13769531
  4295.87402344  4306.640625    8107.25097656  9076.24511719
  9399.24316406  9582.27539062  9679.17480469  9754.54101562
  9786.84082031  9549.97558594  9539.20898438  9872.97363281
 10088.30566406 10066.77246094  9808.37402344  9549.97558594
  9356.17675781  9517.67578125  9582.27539062  9323.87695312
  8871.6796875   9119.31152344  9313.11035156  9614.57519531
  9786.84082031  9668.40820312  9689.94140625  9646.875
  9765.30761719  9625.34179688  9549.97558594  9216.2109375
  8731.71386719  8602.51464844  9054.71191406]",-319.70282,-570.98114,191.19402,3037.300330933402,1439.6668030119663,4383.917980709878,2944.2511776979118,0.10763066088694687
3128.621180321507,1725.3685554126796,"[4276.002765   4126.67310571 1936.38318431 1981.18540066 1974.14486644
 1828.00856667 1784.50672863 1947.78614607 2200.58943034 2115.152193
 2040.3704897  2092.87599918 1962.69766957 1866.82434749 1908.09496564
 1970.41015349 1965.34106359 2049.40318279 2339.68580728 2601.35223077
 2816.15513059 3080.37619355 3255.72887715 3740.69856821 3890.42117034
 3873.10367137 1305.82185169  673.68064156  736.56787846  807.25259709
  801.37132344  952.73604509 2649.36703913 2332.84056754 2324.61814587
 2190.76543856 1787.87788169 1703.82783633 1409.83860911 1302.11819282
 1511.13221542 1732.75640713 1881.48676583 2035.44038779 2109.42092067
 1518.48520135 4717.71001822 6025.97740786 5013.18255591 4071.74244769
 2307.12320027 1451.78408438 1930.40825783 1903.26501994 1177.44396315
  866.71707659 1135.26083634 1162.59336988 1099.42019094  916.45703419
  658.14170557 1403.58640166 1653.59414847 1839.24228345 1925.34247845
 1608.36115751 1287.916293    995.60936891  952.22204208 1412.49994876
 2010.48088109 2373.74041103 2134.54396548 1784.79387554 1417.65956371
 3728.34442417 3811.49732009 2961.68033513 2789.00900507 2726.0172721
 2488.28362005 2460.21061619 2253.47239815 1781.97841527 1357.74022046
 1735.62527298 3923.89861901 5170.55483469 5692.72417791 5843.42310971
 6068.91108509 6062.52633268 4970.24192212 2572.89920935 2513.98357598
 3830.62641814 5696.37442376 6344.58433899 6500.20877793 7297.33666245
 7526.61926881 6901.25895482 4748.52926634 1604.69997813 1275.94933347
 1558.5035318  1862.84110744 2209.58498266 2570.73152973 4459.04562926
 5419.1696278  1768.96057566 1234.14965722 1788.41035158 2903.19053096
 4110.93383986 4903.85741446 4736.7406672  3166.51661429 1494.81496428
 1316.2056692  1140.69117868  917.69378603  795.95115721  825.26324443
 1252.66336832 2306.53109196 3307.9209388  3387.61260742 3529.9270556
 5022.93749284 4099.10723253 2482.95603499 2001.09051726 1765.11678909
 1254.92210518 1080.192064   2515.70083499 4180.58727218 4903.81290613
 4998.36098408 3905.11142904 2320.95983358 1347.48892947 1002.10145147
  808.02044386  943.95693468 1141.0423527  1187.03968305 1153.88424376
 1576.82677942 4252.39244301 5598.37904447 6450.07852766 7086.38515536
 6935.46616665 5955.77211757 6183.94399739 6915.74884571 6348.98827834
 3946.98017748 1834.78007463 1243.57410944 1282.48293594 1306.42198816
 1283.69029568 2192.57756802 5642.02110771 5969.22954375 4464.85854329
 6393.17246981 6397.14384219 3815.84732947 2383.68424053 2058.99395892
 1885.35962478 2096.62723141 5734.58164779 8326.98910405 7907.82312904
 5513.10443508 1988.06070246 1615.65051473 2001.41007501 2103.65633906
 1822.10361318 4407.40267165 4683.81869899 3719.57466869 4317.85774783
 4794.45097835 4413.31713199 3550.57934139 3262.07892334 3206.75297224
 3504.86060272 3013.63702041 1432.09909469 1315.9728525  1552.35356749
 2708.1640924  4381.08229584 4909.23456023 5134.18563243 5312.14703167
 4964.63043653 4414.16046591 4274.01562164 4469.54164164 4617.30955717
 1815.97054733  846.23818064  760.7958874   802.20484587  821.39710434
 1080.47335712 2318.33623781 3304.88207048 1766.19823037 1522.34417063
 1953.11070817 1931.55969773 1605.50882597 1545.01957773 1495.17204481
 1574.07792665 2400.55324458 3251.51577446 3726.79313405 5791.09937217
 6441.40317091 5308.1862948  2663.34736296 2184.76128034 1917.97719322
 1680.5598903  1344.50129679 1009.39883454 1033.25539416 1627.15754003
 2575.62797946 4574.96860512 4992.89321232 2751.41165647 1642.60465952
 1728.43726314 3251.23606211 5079.78455938 5732.61788001 6334.98481356
 5640.65820386 3584.19032114 3361.9516099  3337.81411729 3428.39608521
 3437.13035512 3552.82917601 4747.81295917 3756.02492009 2673.1271127
 2693.4598404  3408.92733615 4073.31766293 4294.30844536 4628.52718238
 4715.51065785 4268.74731745 4111.31689927 4140.45205089 4102.493087
 3879.95851789 3763.91941464 4816.75220191 7668.79212627 7674.46806432
 5993.63659741 4221.29935739 3908.5853216  3638.03112805 2956.73767621
 3084.97262673 4000.23143983 4383.32755685 4150.37976791 3965.50759298
 4055.04996568 4359.63748646 3936.30181523 3582.81989026 3514.67920571
 3436.59790173 3786.38536949 4025.73764113 3962.11242327 3938.63752484
 3880.09702023 4052.57684958 4191.42492416 4193.30812412 4195.28608426]",12.815174,"[4.74038005e-01 1.92908689e-01 5.38722007e-03 2.49303994e-03
 1.15837064e-03 6.69830886e-04 6.31497998e-04 9.67589614e-04
 2.86730286e-03 8.02921318e-03 5.32696303e-03 1.41854642e-03
 6.95986208e-04 5.31077327e-04 5.24792820e-04 5.86818205e-04
 6.49988302e-04 6.85757608e-04 9.92020592e-04 1.48218044e-03
 2.11818912e-03 4.06179950e-03 1.04668885e-02 2.27161199e-02
 4.46898825e-02 7.62278065e-02 2.45358166e-03 1.45178914e-04
 9.57545853e-05 1.01622230e-04 1.07276850e-04 3.70865746e-04
 1.19030988e-02 1.05849253e-02 5.86874038e-03 2.67611886e-03
 1.79605465e-03 1.43213349e-03 5.95559890e-04 2.66895746e-04
 5.06269105e-04 9.06071684e-04 1.35036011e-03 2.62574246e-03
 2.60642939e-03 1.42647792e-03 3.56208198e-02 9.11243781e-02
 3.50766852e-02 5.81627246e-03 9.47524619e-04 3.61307786e-04
 6.61652361e-04 6.19947154e-04 1.30349610e-04 4.28417115e-05
 1.75717912e-04 2.67925090e-04 2.28887846e-04 2.07588339e-04
 4.81203024e-05 7.39890966e-04 1.12449389e-03 7.78770365e-04
 4.43821395e-04 4.04269202e-04 3.14575998e-04 1.37397874e-04
 9.42863553e-05 3.92534857e-04 1.45171804e-03 3.52174183e-03
 3.38294823e-03 2.65421253e-03 1.38121273e-03 1.21977283e-02
 2.06626225e-02 5.68181137e-03 2.88760732e-03 2.00575544e-03
 3.11478716e-03 2.89306650e-03 3.14381812e-03 1.37778255e-03
 5.13005478e-04 2.10361253e-03 2.06333399e-02 1.17408097e-01
 5.20251729e-02 2.35044975e-02 1.37919802e-02 1.50531055e-02
 3.18289436e-02 1.68966837e-02 1.86548047e-02 5.04154935e-02
 7.91844726e-02 3.78105007e-02 3.77774164e-02 3.01112719e-02
 2.47977786e-02 3.58939618e-02 2.40375325e-02 1.07673812e-03
 3.64684529e-04 1.09009957e-03 3.93299526e-03 7.72402296e-03
 1.20411702e-02 2.05795560e-02 2.14810930e-02 1.50012574e-03
 5.71315177e-04 1.49975915e-03 9.31039173e-03 1.89869478e-02
 1.47587722e-02 1.98147222e-02 8.18736851e-03 8.39638466e-04
 4.76963178e-04 3.98502132e-04 1.35142604e-04 5.88525290e-05
 8.80051884e-05 4.37615206e-04 1.77182641e-03 9.05120093e-03
 1.26186851e-02 1.62031893e-02 9.84323323e-02 6.19336404e-02
 1.09091392e-02 3.17620020e-03 1.28309242e-03 5.35274565e-04
 1.17559941e-03 1.75504256e-02 7.78982416e-02 1.04758963e-01
 1.06457300e-01 6.00532144e-02 8.46632756e-03 9.55764495e-04
 2.23942217e-04 9.41814651e-05 1.33593858e-04 1.98954978e-04
 2.54448474e-04 2.69809621e-04 9.99119598e-04 8.60071834e-03
 6.47971183e-02 8.72210413e-02 5.97714931e-02 6.50198534e-02
 4.71248589e-02 1.35139683e-02 1.76731348e-02 2.13887077e-02
 4.26272117e-03 7.10751279e-04 3.86946602e-04 2.95415986e-04
 4.33814392e-04 7.29292573e-04 3.50051792e-03 4.26306389e-02
 3.91402878e-02 2.53505372e-02 4.47078310e-02 9.33386013e-02
 3.42176370e-02 9.07088444e-03 3.91587056e-03 2.75202026e-03
 2.51415372e-03 8.17567855e-03 6.61083404e-03 1.01527823e-02
 2.01197919e-02 2.14174576e-03 1.13389513e-03 1.35547633e-03
 1.71110418e-03 2.81775417e-03 3.32289897e-02 4.05729301e-02
 1.86155122e-02 1.99505053e-02 3.12688723e-02 3.01527679e-02
 2.24663615e-02 2.04463359e-02 2.59237885e-02 4.70605493e-02
 3.40177305e-02 2.29272153e-03 1.08699256e-03 3.13059846e-03
 2.05605906e-02 7.98439905e-02 7.80426860e-02 5.62468581e-02
 6.15817606e-02 8.42490792e-02 9.26163420e-02 8.17594677e-02
 1.25535145e-01 7.19716698e-02 2.32815556e-03 2.06165292e-04
 6.26033288e-05 7.59011527e-05 1.08784472e-04 3.52793635e-04
 2.55737477e-03 8.59486405e-03 1.59239036e-03 7.74750661e-04
 9.63589875e-04 1.16183399e-03 1.08723494e-03 1.20583829e-03
 1.26993959e-03 2.24167830e-03 6.50591450e-03 2.61443071e-02
 7.26121441e-02 1.24789625e-01 6.59024194e-02 7.28621110e-02
 1.33186281e-02 4.46361350e-03 3.33186425e-03 1.51273375e-03
 5.35665487e-04 1.73405075e-04 1.75385416e-04 7.50008447e-04
 3.53267812e-03 1.77274290e-02 1.97662357e-02 4.76225559e-03
 7.65828881e-04 1.37444877e-03 1.93443019e-02 8.61702934e-02
 1.04874685e-01 7.27181509e-02 6.95345700e-02 2.67115664e-02
 1.35718193e-02 1.03890793e-02 9.12358798e-03 8.69651791e-03
 1.01834107e-02 1.40097942e-02 1.57807544e-02 7.49790994e-03
 8.42843764e-03 4.64258939e-02 1.24109529e-01 1.16134793e-01
 1.10293746e-01 1.10498987e-01 9.06083360e-02 9.55401137e-02
 1.16485290e-01 1.09906547e-01 9.01185647e-02 7.54348189e-02
 1.38778046e-01 8.26917961e-02 7.92640075e-02 1.75257131e-01
 1.03270344e-01 9.68782082e-02 7.72268251e-02 5.28159812e-02
 6.89545050e-02 1.26410186e-01 9.63443816e-02 1.06673889e-01
 1.28055841e-01 1.44390926e-01 1.93314299e-01 1.31525680e-01
 5.34155928e-02 2.46591512e-02 2.34958641e-02 5.92846125e-02
 1.26898557e-01 7.96077996e-02 5.28268404e-02 5.16151190e-02
 7.58383051e-02 1.01445645e-01 1.32233486e-01 1.81718349e-01]",-0.17380792,"[4276.002765   4126.67310571 1936.38318431 1981.18540066 1974.14486644
 1828.00856667 1784.50672863 1947.78614607 2200.58943034 2115.152193
 2040.3704897  2092.87599918 1962.69766957 1866.82434749 1908.09496564
 1970.41015349 1965.34106359 2049.40318279 2339.68580728 2601.35223077
 2816.15513059 3080.37619355 3255.72887715 3740.69856821 3890.42117034
 3873.10367137 1305.82185169  673.68064156  736.56787846  807.25259709
  801.37132344  952.73604509 2649.36703913 2332.84056754 2324.61814587
 2190.76543856 1787.87788169 1703.82783633 1409.83860911 1302.11819282
 1511.13221542 1732.75640713 1881.48676583 2035.44038779 2109.42092067
 1518.48520135 4717.71001822 6025.97740786 5013.18255591 4071.74244769
 2307.12320027 1451.78408438 1930.40825783 1903.26501994 1177.44396315
  866.71707659 1135.26083634 1162.59336988 1099.42019094  916.45703419
  658.14170557 1403.58640166 1653.59414847 1839.24228345 1925.34247845
 1608.36115751 1287.916293    995.60936891  952.22204208 1412.49994876
 2010.48088109 2373.74041103 2134.54396548 1784.79387554 1417.65956371
 3728.34442417 3811.49732009 2961.68033513 2789.00900507 2726.0172721
 2488.28362005 2460.21061619 2253.47239815 1781.97841527 1357.74022046
 1735.62527298 3923.89861901 5170.55483469 5692.72417791 5843.42310971
 6068.91108509 6062.52633268 4970.24192212 2572.89920935 2513.98357598
 3830.62641814 5696.37442376 6344.58433899 6500.20877793 7297.33666245
 7526.61926881 6901.25895482 4748.52926634 1604.69997813 1275.94933347
 1558.5035318  1862.84110744 2209.58498266 2570.73152973 4459.04562926
 5419.1696278  1768.96057566 1234.14965722 1788.41035158 2903.19053096
 4110.93383986 4903.85741446 4736.7406672  3166.51661429 1494.81496428
 1316.2056692  1140.69117868  917.69378603  795.95115721  825.26324443
 1252.66336832 2306.53109196 3307.9209388  3387.61260742 3529.9270556
 5022.93749284 4099.10723253 2482.95603499 2001.09051726 1765.11678909
 1254.92210518 1080.192064   2515.70083499 4180.58727218 4903.81290613
 4998.36098408 3905.11142904 2320.95983358 1347.48892947 1002.10145147
  808.02044386  943.95693468 1141.0423527  1187.03968305 1153.88424376
 1576.82677942 4252.39244301 5598.37904447 6450.07852766 7086.38515536
 6935.46616665 5955.77211757 6183.94399739 6915.74884571 6348.98827834
 3946.98017748 1834.78007463 1243.57410944 1282.48293594 1306.42198816
 1283.69029568 2192.57756802 5642.02110771 5969.22954375 4464.85854329
 6393.17246981 6397.14384219 3815.84732947 2383.68424053 2058.99395892
 1885.35962478 2096.62723141 5734.58164779 8326.98910405 7907.82312904
 5513.10443508 1988.06070246 1615.65051473 2001.41007501 2103.65633906
 1822.10361318 4407.40267165 4683.81869899 3719.57466869 4317.85774783
 4794.45097835 4413.31713199 3550.57934139 3262.07892334 3206.75297224
 3504.86060272 3013.63702041 1432.09909469 1315.9728525  1552.35356749
 2708.1640924  4381.08229584 4909.23456023 5134.18563243 5312.14703167
 4964.63043653 4414.16046591 4274.01562164 4469.54164164 4617.30955717
 1815.97054733  846.23818064  760.7958874   802.20484587  821.39710434
 1080.47335712 2318.33623781 3304.88207048 1766.19823037 1522.34417063
 1953.11070817 1931.55969773 1605.50882597 1545.01957773 1495.17204481
 1574.07792665 2400.55324458 3251.51577446 3726.79313405 5791.09937217
 6441.40317091 5308.1862948  2663.34736296 2184.76128034 1917.97719322
 1680.5598903  1344.50129679 1009.39883454 1033.25539416 1627.15754003
 2575.62797946 4574.96860512 4992.89321232 2751.41165647 1642.60465952
 1728.43726314 3251.23606211 5079.78455938 5732.61788001 6334.98481356
 5640.65820386 3584.19032114 3361.9516099  3337.81411729 3428.39608521
 3437.13035512 3552.82917601 4747.81295917 3756.02492009 2673.1271127
 2693.4598404  3408.92733615 4073.31766293 4294.30844536 4628.52718238
 4715.51065785 4268.74731745 4111.31689927 4140.45205089 4102.493087
 3879.95851789 3763.91941464 4816.75220191 7668.79212627 7674.46806432
 5993.63659741 4221.29935739 3908.5853216  3638.03112805 2956.73767621
 3084.97262673 4000.23143983 4383.32755685 4150.37976791 3965.50759298
 4055.04996568 4359.63748646 3936.30181523 3582.81989026 3514.67920571
 3436.59790173 3786.38536949 4025.73764113 3962.11242327 3938.63752484
 3880.09702023 4052.57684958 4191.42492416 4193.30812412 4195.28608426]","[ 7105.95703125  6933.69140625  4801.90429688  4834.20410156
  4877.27050781  4618.87207031  4543.50585938  4909.5703125
  5092.60253906  4877.27050781  4898.80371094  4963.40332031
  4941.87011719  4931.10351562  5071.06933594  5049.53613281
  5060.30273438  5114.13574219  5620.16601562  6804.4921875
  7062.890625    7019.82421875  6912.15820312  8667.11425781
  9173.14453125  9033.17871094  2551.68457031   581.39648438
   775.1953125    785.96191406   581.39648438   635.22949219
  7299.75585938  6782.95898438  4931.10351562  4705.00488281
  3714.47753906  3003.88183594  2530.15136719  2616.28417969
  2691.65039062  4069.77539062  4349.70703125  4554.27246094
  6040.06347656  2648.58398438  9926.80664062 10023.70605469
  9916.04003906  9614.57519531  8516.38183594  2605.51757812
  4597.33886719  4640.40527344  2185.62011719   753.66210938
   958.22753906  1485.79101562  1162.79296875   850.56152344
   516.796875    1991.82128906  3197.68066406  3951.34277344
  4177.44140625  2896.21582031  2347.11914062  1098.19335938
  1108.95996094  2250.21972656  4446.60644531  6998.29101562
  4414.30664062  3983.64257812  2993.11523438  9711.47460938
  9646.875       8634.81445312  8591.74804688  8441.015625
  7235.15625     4726.53808594  4435.83984375  3531.4453125
  2444.01855469  2756.25        9765.30761719  9485.37597656
  9668.40820312  9808.37402344  9948.33984375  9948.33984375
  9689.94140625  5157.20214844  5006.46972656  9442.30957031
 10088.30566406 10142.13867188 10109.83886719 10239.03808594
 10271.33789062 10163.671875    9689.94140625  4231.27441406
  2573.21777344  2863.91601562  3240.74707031  4198.97460938
  7536.62109375  9905.2734375  10088.30566406  5254.1015625
  1959.52148438  5178.73535156  8527.1484375   5275.63476562
  5512.5         5857.03125     5469.43359375  4026.70898438
  2777.78320312  1324.29199219   904.39453125   882.86132812
   872.09472656  1937.98828125  8031.88476562  8990.11230469
  9162.37792969  9216.2109375  10120.60546875 10023.70605469
  4834.20410156  4543.50585938  4005.17578125  1981.0546875
  1765.72265625  5620.16601562  7019.82421875  8311.81640625
  8710.18066406  8118.01757812  6567.62695312  2540.91796875
  1044.36035156   839.79492188   979.76074219  1076.66015625
  1152.02636719  1916.45507812  4026.70898438 10056.00585938
 10131.37207031  9926.80664062  9926.80664062  9926.80664062
  9948.33984375 10163.671875   10217.50488281 10088.30566406
  9668.40820312  6083.12988281  1098.19335938  1216.62597656
  1959.52148438  2357.88574219  6040.06347656 10142.13867188
 10174.43847656  9959.10644531 10249.8046875  10152.90527344
  9399.24316406  7030.59082031  4231.27441406  4091.30859375
  6363.06152344 10056.00585938 10206.73828125 10185.20507812
 10077.5390625   4317.40722656  2487.08496094  4285.10742188
  4328.17382812  4220.5078125   9883.74023438  9905.2734375
  9614.57519531  9743.77441406  9894.50683594  9819.140625
  9270.04394531  8947.04589844  8753.24707031  8720.94726562
  7579.6875      2530.15136719  2562.45117188  2863.91601562
  6384.59472656  7924.21875     8021.11816406  8936.27929688
  9593.04199219  9453.07617188  8774.78027344  8753.24707031
  9259.27734375 10056.00585938  4769.60449219   732.12890625
   742.89550781   753.66210938   710.59570312   775.1953125
  7299.75585938  9765.30761719  4059.00878906  2562.45117188
  4446.60644531  4478.90625     4155.90820312  4134.375
  3854.44335938  3789.84375     6427.66113281  8430.24902344
  9130.078125   10131.37207031 10282.10449219 10228.27148438
  5383.30078125  4737.3046875   4629.63867188  4392.7734375
  2368.65234375  1485.79101562  1830.32226562  4177.44140625
  4705.00488281  9743.77441406  9905.2734375   8947.04589844
  3789.84375     4015.94238281  8979.34570312  9872.97363281
  9894.50683594  9905.2734375   9754.54101562  8580.98144531
  8516.38183594  8537.91503906  8451.78222656  8397.94921875
  8893.21289062  9937.57324219  9625.34179688  5673.99902344
  5953.93066406  8570.21484375  9076.24511719  9377.70996094
  9657.64160156  9657.64160156  9097.77832031  8839.37988281
  9011.64550781  9000.87890625  8925.51269531  8936.27929688
  9711.47460938 10195.97167969 10185.20507812 10023.70605469
  9539.20898438  9248.51074219  8645.58105469  7116.72363281
  7288.98925781  9528.44238281  9894.50683594  9646.875
  9087.01171875  9076.24511719  9280.81054688  9011.64550781
  8893.21289062  8882.44628906  8720.94726562  8914.74609375
  8839.37988281  8871.6796875   8882.44628906  8979.34570312
  9410.00976562  9313.11035156  9140.84472656  8957.8125    ]",-282.41843,-557.9074,188.13547,2993.7281454166273,1446.7637788544691,4389.0505755893655,2942.2867967348966,0.13154417531954507
